GUID,Name
1xzRHg5wPCVvg4uLjqox1I,Basic Wall:Generic - 200mm:345653
1Yzg4cwif7gQ2Hvbubk5cs,Basic Wall:Generic - 225mm Masonry:347110
1Yzg4cwif7gQ2Hvbubk5cx,Basic Wall:Generic - 225mm Masonry:347115
1Yzg4cwif7gQ2Hvbubk5cW,Basic Wall:Generic - 225mm Masonry:347120
1Yzg4cwif7gQ2Hvbubk5ci,Basic Wall:Generic - 225mm Masonry:347132
1Yzg4cwif7gQ2Hvbubk5xm,Basic Wall:Generic - 225mm Masonry:347296
1Yzg4cwif7gQ2Hvbubk5xt,Basic Wall:Generic - 225mm Masonry:347303
1Yzg4cwif7gQ2Hvbubk5xy,Basic Wall:Generic - 225mm Masonry:347308
3Q87Kkn4X0hh69O_upt9P1,Basic Wall:_Bindeingsverk 316mm:348322
3Q87Kkn4X0hh69O_upt9P0,Basic Wall:_Bindeingsverk 316mm:348323
3Q87Kkn4X0hh69O_upt9P7,Basic Wall:_Bindeingsverk 316mm:348324
3Q87Kkn4X0hh69O_upt9P6,Basic Wall:_Bindeingsverk 316mm:348325
0AcubLcjbDbQQeAgLg2Y0r,Basic Wall:_Bindeingsverk 99mm:372647
0AcubLcjbDbQQeAgLg2Zeu,Basic Wall:_Bindeingsverk 99mm:374186
0AcubLcjbDbQQeAgLg2ZcF,Basic Wall:_Bindeingsverk 99mm:374301
0AcubLcjbDbQQeAgLg2ZZu,Basic Wall:_Bindeingsverk 99mm:374634
3cDMTWgdr3igPBCsBF2w7i,Basic Wall:Generic - 225mm Masonry:384440
3cDMTWgdr3igPBCsBF2w7k,Basic Wall:_Bindeingsverk 99mm:384442
3cDMTWgdr3igPBCsBF2w7l,Basic Wall:_Bindeingsverk 99mm:384443
3cDMTWgdr3igPBCsBF2w7e,Basic Wall:_Bindeingsverk 99mm:384444
1x1Hp_6Db1KwZy5IwzDax9,Basic Wall:_Bindeingsverk 316mm:384988
1x1Hp_6Db1KwZy5IwzDd9h,Basic Wall:_Bindeingsverk 316mm:385918
1x1Hp_6Db1KwZy5IwzDdGF,Basic Wall:_Dekkeforkant 255mm:386330
1x1Hp_6Db1KwZy5IwzDdJh,Basic Wall:_Dekkeforkant 255mm:386558
